2017-07-27, homedepot,96,2
2017-06-29, homedepot,125,24
2017-09-06, homedepot,154,3
2017-10-20, homedepot,295,7
2017-10-13, homedepot,155,9
2017-08-28, homedepot,5163,6
2017-07-26, homedepot,177,7
2017-10-10, homedepot,151,5
2017-08-25, homedepot,513,0
2017-09-29, homedepot,1059,2
2017-06-20, homedepot,180,13
2017-07-12, homedepot,247,42
2017-08-17, homedepot,209,0
2017-06-19, homedepot,194,12
2017-07-12, homedepot,214,31
2017-09-26, homedepot,124,5
2017-07-10, homedepot,290,62
2017-08-09, homedepot,164,0
2017-06-08, homedepot,87,6
2017-07-05, homedepot,128,97
2017-08-08, homedepot,168,1
2017-06-08, homedepot,207,4
2017-09-25, homedepot,531,2
2017-07-03, homedepot,199,56
2017-06-07, homedepot,262,5
2017-09-20, homedepot,144,7
2017-05-25, homedepot,448,6
2017-09-11, homedepot,1739,2
2017-06-30, homedepot,114,37
2017-05-17, homedepot,277,3
2017-03-02, homedepot,241,2
2017-03-22, homedepot,660,2
2017-04-14, homedepot,255,1
2017-05-16, homedepot,240,6
2017-02-26, homedepot,528,2
2017-03-20, homedepot,670,4
2017-04-11, homedepot,69,1
2017-05-09, homedepot,71,3
2017-02-25, homedepot,283,2
2017-03-18, homedepot,1095,4
2017-04-11, homedepot,190,11
2017-05-04, homedepot,282,5
2017-02-17, homedepot,444,3
2017-03-16, homedepot,238,7
2017-03-30, homedepot,439,5
2017-03-14, homedepot,182,9
2017-02-15, homedepot,876,3
2017-05-03, homedepot,230,1
2017-03-28, homedepot,244,4
2017-03-08, homedepot,147,3
2017-02-13, homedepot,166,1
2017-04-28, homedepot,306,10
2017-03-28, homedepot,191,2
2017-03-03, homedepot,454,2
2017-04-21, homedepot,167,4
2017-02-09, homedepot,356,1
2017-03-27, homedepot,2186,6
2017-03-02, homedepot,401,5
2017-04-19, homedepot,303,15
2017-02-01, homedepot,174,2
2017-03-25, homedepot,1706,3
2017-03-02, homedepot,94,6
2017-02-01, homedepot,50,3
2017-04-16, homedepot,615,4
2017-03-23, homedepot,239,8
2017-02-01, homedepot,35,2
2017-01-09, homedepot,388,2
2016-12-17, homedepot,120,2
2016-12-09, homedepot,223,2
2016-12-17, homedepot,398,3
2017-02-01, homedepot,689,3
2017-01-03, homedepot,836,3
2016-12-05, homedepot,241,2
2016-12-31, homedepot,310,1
2017-01-31, homedepot,266,6
2016-12-16, homedepot,96,3
2016-12-02, homedepot,675,2
2017-01-30, homedepot,215,1
2016-12-16, homedepot,217,4
2016-12-25, homedepot,355,1
2016-11-29, homedepot,579,3
2017-01-25, homedepot,656,3
2016-12-23, homedepot,163,2
2016-12-16, homedepot,128,2
2016-11-26, homedepot,326,3
2017-01-19, homedepot,274,2
2016-12-23, homedepot,271,3
2016-12-16, homedepot,106,3
2016-11-24, homedepot,596,4
2016-12-20, homedepot,131,2
2016-12-13, homedepot,193,2
2017-01-18, homedepot,1215,3
2016-11-23, homedepot,79,4
2016-12-19, homedepot,214,4
2017-01-11, homedepot,242,2
2016-12-11, homedepot,291,3
2016-12-18, homedepot,199,3
2016-12-10, homedepot,267,3
2017-01-10, homedepot,542,3
2016-11-19, homedepot,393,4
2016-10-26, homedepot,286,7
2016-11-17, homedepot,237,4
2016-09-21, homedepot,555,3
2016-08-18, homedepot,873,2
2016-10-20, homedepot,241,5
2016-09-19, homedepot,596,4
2016-11-15, homedepot,1124,6
2016-08-11, homedepot,274,2
2016-10-18, homedepot,631,8
2016-09-16, homedepot,119,3
2016-08-11, homedepot,336,1
2016-10-15, homedepot,505,8
2016-11-12, homedepot,460,5
2016-09-15, homedepot,188,1
2016-08-10, homedepot,138,2
2016-09-15, homedepot,69,1
2016-10-13, homedepot,417,7
2016-08-09, homedepot,160,1
2016-08-30, homedepot,451,5
2016-11-11, homedepot,62,2
2016-10-11, homedepot,253,6
2016-08-05, homedepot,334,1
2016-11-09, homedepot,553,5
2016-10-07, homedepot,84,4
2016-11-04, homedepot,233,19
2016-08-25, homedepot,144,2
2016-10-01, homedepot,323,5
2016-11-04, homedepot,784,6
2016-08-20, homedepot,773,1
2016-09-27, homedepot,1315,6
